Data_Partition,Cluster_ID,Top_Keywords,Topic_Summarization,Number_of_Posts
part_a,44,"[{'term': 'trump', 'score': 234657.0}, {'term': 'gaza', 'score': 87717.0}, {'term': 'israel', 'score': 49563.0}, {'term': 'biden', 'score': 47770.0}, {'term': 'genocide', 'score': 35332.0}, {'term': 'palestinians', 'score': 32248.0}, {'term': 'netanyahu', 'score': 30802.0}, {'term': 'people', 'score': 29981.0}, {'term': 'just', 'score': 23099.0}, {'term': 'harris', 'score': 22491.0}]","{'title': ""Trump's Gaza Takeover Plan and Its Consequences"", 'description': ""The posts critique Donald Trump's proposed plan to take control of Gaza, redevelop it as a luxury resort, and displace Palestinians, highlighting concerns about ethnic cleansing, U.S. foreign policy, and the complicity of Republican leaders and donors. The cluster underscores fears that Trump’s vision prioritizes profit and political gain over Palestinian rights and regional peace.""}",184591
part_d,567,"[{'term': 'trump', 'score': 123352.0}, {'term': 'greenland', 'score': 109955.0}, {'term': 'nato', 'score': 19475.0}, {'term': 'denmark', 'score': 15912.0}, {'term': 'president', 'score': 14895.0}, {'term': 'donald', 'score': 14202.0}, {'term': 'says', 'score': 11595.0}, {'term': 'europe', 'score': 11430.0}, {'term': 'tariffs', 'score': 9848.0}, {'term': 'european', 'score': 9207.0}]","{'title': ""Trump's Greenland Obsession and Global Backlash"", 'description': ""Posts express widespread concern and outrage over Donald Trump's repeated threats to acquire Greenland, framing them as imperialistic, destabilizing, and damaging to NATO. Many highlight the absurdity of the claims, the sovereignty of Greenlanders, and the risk of escalating global tensions.""}",80573
part_b,303,"[{'term': 'trump', 'score': 93476.0}, {'term': 'gaza', 'score': 35363.0}, {'term': 'israel', 'score': 24604.0}, {'term': 'genocide', 'score': 16057.0}, {'term': 'netanyahu', 'score': 14326.0}, {'term': 'people', 'score': 13415.0}, {'term': 'biden', 'score': 11293.0}, {'term': 'palestinians', 'score': 11192.0}, {'term': 'just', 'score': 8765.0}, {'term': 'like', 'score': 7982.0}]","{'title': 'Trump, Netanyahu, and the Gaza Crisis', 'description': 'These posts express outrage over the perceived alliance between Donald Trump and Israeli Prime Minister Netanyahu, accusing both of enabling or exacerbating the humanitarian crisis in Gaza. The cluster criticizes Trump’s foreign policy, alleged support for ethnic cleansing, and attacks on dissent, while highlighting concerns about democratic erosion, antisemitism, and the consequences of voting choices in the 2024 election.'}",77184
part_a,517,"[{'term': 'trump', 'score': 95153.0}, {'term': 'musk', 'score': 69359.0}, {'term': 'elon', 'score': 37740.0}, {'term': 'president', 'score': 18604.0}, {'term': 'like', 'score': 9526.0}, {'term': 'just', 'score': 8472.0}, {'term': 'think', 'score': 6614.0}, {'term': 'donald', 'score': 5910.0}, {'term': 'going', 'score': 5080.0}, {'term': 'people', 'score': 4436.0}]","{'title': 'Elon Musk as De Facto President', 'description': 'These posts revolve around the widespread speculation and satire that Elon Musk, not Donald Trump, is the true power behind the U.S. presidency. The narrative portrays Musk as an unelected, billionaire puppet master using his wealth to control Trump and shape government decisions, with growing public and media scrutiny over this alleged power shift.'}",76813
part_b,260,"[{'term': 'trump', 'score': 68214.0}, {'term': 'hegseth', 'score': 23477.0}, {'term': 'signal', 'score': 19667.0}, {'term': 'chat', 'score': 16827.0}, {'term': 'security', 'score': 15243.0}, {'term': 'administration', 'score': 12803.0}, {'term': 'plans', 'score': 11634.0}, {'term': 'national', 'score': 11076.0}, {'term': 'group', 'score': 10324.0}, {'term': 'waltz', 'score': 9803.0}]","{'title': ""Trump Admin's Signal Security Scandal"", 'description': ""A cluster of posts details the fallout from top Trump administration officials using the unsecured Signal app to discuss military strike plans, including the accidental inclusion of a journalist. The posts criticize the administration's handling of the leak, defend the journalist, and highlight political loyalty over competence, with widespread concern over national security and accountability.""}",53818
part_b,576,"[{'term': 'trump', 'score': 64235.0}, {'term': 'musk', 'score': 45883.0}, {'term': 'elon', 'score': 24313.0}, {'term': 'president', 'score': 6845.0}, {'term': 'like', 'score': 6811.0}, {'term': 'just', 'score': 5955.0}, {'term': 'think', 'score': 3902.0}, {'term': 'donald', 'score': 3459.0}, {'term': 'people', 'score': 2987.0}, {'term': 'don', 'score': 2797.0}]","{'title': 'Trump and Musk: Power, Paranoia, and Puppetry', 'description': ""These posts depict a volatile, symbiotic alliance between Donald Trump and Elon Musk, portraying Musk as the de facto power behind the throne and Trump as a pliable figurehead. The recurring theme centers on Musk's outsized influence, perceived manipulation, and the growing fear that their partnership is dismantling democratic norms.""}",52766
part_b,471,"[{'term': 'trump', 'score': 52264.0}, {'term': 'tesla', 'score': 46958.0}, {'term': 'musk', 'score': 22181.0}, {'term': 'elon', 'score': 14341.0}, {'term': 'maga', 'score': 10540.0}, {'term': 'car', 'score': 9023.0}, {'term': 'buy', 'score': 8593.0}, {'term': 'stock', 'score': 5760.0}, {'term': 'people', 'score': 5545.0}, {'term': 'teslas', 'score': 5485.0}]","{'title': 'Trump, Musk, and the Tesla Backlash', 'description': ""The posts critique Donald Trump's public endorsement of Tesla and Elon Musk, highlighting political corruption, declining sales, and the irony of MAGA supporters being pushed to buy electric vehicles they previously opposed. The backlash includes protests, boycotts, and outrage over the politicization of EVs and corporate influence in government.""}",51363
part_a,809,"[{'term': 'trump', 'score': 57053.0}, {'term': 'tiktok', 'score': 53500.0}, {'term': 'ban', 'score': 16431.0}, {'term': 'app', 'score': 7176.0}, {'term': 'tok', 'score': 6782.0}, {'term': 'just', 'score': 6693.0}, {'term': 'tik', 'score': 6555.0}, {'term': 'like', 'score': 6435.0}, {'term': 'president', 'score': 5412.0}, {'term': 'people', 'score': 4924.0}]","{'title': ""Trump's TikTok Paradox: From Ban to Savior"", 'description': ""The posts critique the political spectacle surrounding TikTok's temporary shutdown and revival, highlighting how Donald Trump—originally a proponent of banning the app—now positions himself as its savior. Users express skepticism over the narrative, accusing Trump of exploiting the situation for political gain and undermining democratic norms.""}",47579
part_b,916,"[{'term': 'trump', 'score': 44487.0}, {'term': 'schumer', 'score': 25420.0}, {'term': 'shutdown', 'score': 17365.0}, {'term': 'government', 'score': 17055.0}, {'term': 'vote', 'score': 13603.0}, {'term': 'senate', 'score': 11423.0}, {'term': 'musk', 'score': 11197.0}, {'term': 'cr', 'score': 10880.0}, {'term': 'democrats', 'score': 9504.0}, {'term': 'republican', 'score': 9208.0}]","{'title': 'Schumer Backs CR Amid Shutdown Fears', 'description': 'The posts center on intense criticism of Senate Minority Leader Chuck Schumer for supporting a Republican-led continuing resolution to avoid a government shutdown. Many Democrats accuse him of enabling Trump and Musk by surrendering legislative power, while others argue that a shutdown would empower authoritarian moves by Trump. The debate highlights a deep rift within the party over strategy, accountability, and the defense of democratic institutions.'}",47237
part_d,1059,"[{'term': 'trump', 'score': 60642.0}, {'term': 'house', 'score': 31192.0}, {'term': 'ballroom', 'score': 29970.0}, {'term': 'white', 'score': 27590.0}, {'term': 'wing', 'score': 15738.0}, {'term': 'east', 'score': 14728.0}, {'term': 'president', 'score': 6838.0}, {'term': 'people', 'score': 5876.0}, {'term': 'building', 'score': 5751.0}, {'term': 'donald', 'score': 5718.0}]","{'title': ""Trump's White House Ballroom Controversy"", 'description': ""The posts center on widespread outrage over President Trump's decision to demolish the historic East Wing of the White House to build a $300 million private ballroom. Critics condemn the project as a symbol of narcissism, illegal overreach, and a misuse of public resources, with many accusing Trump of transforming the People's House into a monument to himself.""}",46313
part_a,625,"[{'term': 'trump', 'score': 54468.0}, {'term': 'california', 'score': 23281.0}, {'term': 'water', 'score': 15872.0}, {'term': 'fires', 'score': 9972.0}, {'term': 'fema', 'score': 7942.0}, {'term': 'newsom', 'score': 7663.0}, {'term': 'maga', 'score': 6616.0}, {'term': 'president', 'score': 6518.0}, {'term': 'wildfires', 'score': 6219.0}, {'term': 'aid', 'score': 6082.0}]","{'title': ""Trump's Disasters: Blame, Politics, and Denial"", 'description': ""The posts criticize Donald Trump for politicizing natural disasters, falsely blaming California's wildfires on Democratic leadership, and threatening to withhold federal aid. They highlight his ignorance on water management, his attacks on Governor Newsom, and the broader pattern of using crises to advance political agendas, while condemning the lack of empathy and the spread of misinformation.""}",45935
part_c,1342,"[{'term': 'republican', 'score': 45393.0}, {'term': 'party', 'score': 12272.0}, {'term': 'republicans', 'score': 4268.0}, {'term': 'just', 'score': 4061.0}, {'term': 'trump', 'score': 3936.0}, {'term': 'like', 'score': 3362.0}, {'term': 'vote', 'score': 3019.0}, {'term': 'don', 'score': 2570.0}, {'term': 'people', 'score': 2520.0}, {'term': 'know', 'score': 1842.0}]","{'title': ""The Republican Party's Moral and Political Collapse"", 'description': 'These posts express deep disillusionment with the Republican Party, criticizing its perceived corruption, hypocrisy, lack of principle, and complicity in extremism. The recurring theme is a belief that the party has abandoned decency, reason, and accountability, with many users vowing to never support it again.'}",45749
part_a,35,"[{'term': 'trump', 'score': 53613.0}, {'term': '2025', 'score': 47572.0}, {'term': 'project', 'score': 47553.0}, {'term': 'people', 'score': 6611.0}, {'term': 'maga', 'score': 5828.0}, {'term': 'just', 'score': 4954.0}, {'term': 'vought', 'score': 4787.0}, {'term': 'know', 'score': 4621.0}, {'term': 'plan', 'score': 4291.0}, {'term': 'said', 'score': 4272.0}]","{'title': ""Project 2025: Trump's Hidden Agenda"", 'description': ""These posts expose the deep alignment between Donald Trump and the conservative policy blueprint Project 2025, despite Trump's repeated denials. They highlight how the plan, authored by right-wing groups like the Heritage Foundation, aims to dismantle federal agencies, promote authoritarian governance, and advance a far-right Christian nationalist agenda—now being implemented through Trump’s administration.""}",42572
part_a,27,"[{'term': 'trump', 'score': 53864.0}, {'term': 'crash', 'score': 19211.0}, {'term': 'plane', 'score': 13432.0}, {'term': 'air', 'score': 13213.0}, {'term': 'faa', 'score': 10443.0}, {'term': 'dei', 'score': 10304.0}, {'term': 'traffic', 'score': 7078.0}, {'term': 'safety', 'score': 6848.0}, {'term': 'people', 'score': 6640.0}, {'term': 'aviation', 'score': 6586.0}]","{'title': 'Trump Blames DEI for Plane Crash Amid Safety Cuts', 'description': ""The posts condemn Donald Trump's unfounded claim that Diversity, Equity, and Inclusion (DEI) policies caused a deadly midair collision near Washington, DC. They highlight his administration's recent dismantling of aviation safety agencies, freezing of air traffic controller hiring, and firing of key officials as the real threats to aviation safety.""}",42206
part_b,951,"[{'term': 'trump', 'score': 55276.0}, {'term': 'zelensky', 'score': 26306.0}, {'term': 'zelenskyy', 'score': 21056.0}, {'term': 'vance', 'score': 20524.0}, {'term': 'president', 'score': 13495.0}, {'term': 'ukraine', 'score': 6281.0}, {'term': 'meeting', 'score': 6152.0}, {'term': 'office', 'score': 6141.0}, {'term': 'oval', 'score': 6010.0}, {'term': 'like', 'score': 5598.0}]","{'title': ""Trump and Vance's Outburst Against Zelenskyy"", 'description': ""The posts condemn Donald Trump and JD Vance for their confrontational and disrespectful behavior toward Ukrainian President Volodymyr Zelenskyy during a White House meeting, portraying it as a bullying, premeditated act that damaged America's global standing. Many view Zelenskyy as a courageous leader who stood firm against intimidation, contrasting sharply with Trump's perceived pettiness and authoritarianism.""}",41673
part_b,888,"[{'term': 'trump', 'score': 46000.0}, {'term': 'voted', 'score': 20095.0}, {'term': 'vote', 'score': 15680.0}, {'term': 'voters', 'score': 11941.0}, {'term': 'people', 'score': 10990.0}, {'term': 'harris', 'score': 10366.0}, {'term': 'didn', 'score': 8115.0}, {'term': 'did', 'score': 6351.0}, {'term': 'kamala', 'score': 4587.0}, {'term': 'just', 'score': 4442.0}]","{'title': ""Trump's Narrow Win and Voter Accountability"", 'description': ""The posts center on the aftermath of a narrowly contested election, with intense focus on voter responsibility, the consequences of supporting Trump, and the role of non-voters and third-party supporters. Many express anger and moral judgment toward Trump voters, arguing they knew his platform and are now facing the fallout, while also criticizing the Democratic Party's strategy and low voter turnout.""}",40864
part_c,1131,"[{'term': 'trump', 'score': 46743.0}, {'term': 'fema', 'score': 21004.0}, {'term': 'texas', 'score': 14957.0}, {'term': 'weather', 'score': 11620.0}, {'term': 'hurricane', 'score': 8226.0}, {'term': 'people', 'score': 7765.0}, {'term': 'disaster', 'score': 7751.0}, {'term': 'flood', 'score': 6266.0}, {'term': 'administration', 'score': 6131.0}, {'term': 'cuts', 'score': 5988.0}]","{'title': ""Trump's Erosion of Disaster Response Systems"", 'description': ""These posts collectively condemn Donald Trump's administration for dismantling key federal agencies like FEMA, NOAA, and the National Weather Service, linking these cuts to increased risks during natural disasters. The posts highlight political motivations, lack of preparedness, and the human cost of defunding science and emergency response infrastructure.""}",39904
part_b,950,"[{'term': 'republican', 'score': 37589.0}, {'term': 'party', 'score': 10723.0}, {'term': 'republicans', 'score': 3472.0}, {'term': 'trump', 'score': 3423.0}, {'term': 'just', 'score': 3194.0}, {'term': 'like', 'score': 2801.0}, {'term': 'don', 'score': 2032.0}, {'term': 'vote', 'score': 1993.0}, {'term': 'people', 'score': 1937.0}, {'term': 'know', 'score': 1544.0}]","{'title': 'Rejection of the Modern Republican Party', 'description': ""These posts express intense frustration and condemnation of the current Republican Party, criticizing its leadership, hypocrisy, lack of integrity, and alignment with figures like Trump. Many call for the party's dissolution or rejection, citing moral failure, dishonesty, and political cowardice.""}",38270
part_c,583,"[{'term': 'texas', 'score': 31987.0}, {'term': 'trump', 'score': 28010.0}, {'term': 'republican', 'score': 18079.0}, {'term': 'state', 'score': 12141.0}, {'term': 'redistricting', 'score': 10709.0}, {'term': 'republicans', 'score': 9630.0}, {'term': 'democrats', 'score': 8772.0}, {'term': 'house', 'score': 7827.0}, {'term': 'gop', 'score': 6832.0}, {'term': 'gerrymandering', 'score': 6570.0}]","{'title': 'Texas Gerrymandering Crisis', 'description': 'The posts center on widespread allegations of Republican-led gerrymandering in Texas, driven by pressure from Donald Trump to redraw congressional maps ahead of the 2026 midterms. Democrats are resisting by breaking quorum and accusing the GOP of corruption, voter suppression, and undermining democracy.'}",37706
part_a,594,"[{'term': 'trump', 'score': 51326.0}, {'term': 'greenland', 'score': 45987.0}, {'term': 'panama', 'score': 12047.0}, {'term': 'canada', 'score': 10139.0}, {'term': 'donald', 'score': 7770.0}, {'term': 'denmark', 'score': 7718.0}, {'term': 'canal', 'score': 6748.0}, {'term': 'wants', 'score': 6375.0}, {'term': 'president', 'score': 6252.0}, {'term': 'military', 'score': 4820.0}]","{'title': ""Trump's Annexation Rhetoric: Distraction or Danger?"", 'description': ""The posts center on widespread concern over Donald Trump's repeated, outlandish statements about acquiring Greenland, Canada, and the Panama Canal. Critics argue these remarks are not idle musings but dangerous distractions from his actual policies, undermining alliances, and signaling authoritarian ambitions.""}",36634
part_c,569,"[{'term': 'trump', 'score': 40175.0}, {'term': 'newsom', 'score': 36094.0}, {'term': 'gavin', 'score': 14826.0}, {'term': 'like', 'score': 6885.0}, {'term': 'maga', 'score': 6186.0}, {'term': 'people', 'score': 5950.0}, {'term': 'just', 'score': 5075.0}, {'term': 'governor', 'score': 4833.0}, {'term': 'don', 'score': 4152.0}, {'term': 'california', 'score': 3568.0}]","{'title': ""Newsom's Trump Trolling Sparks Divided Reactions"", 'description': ""Posts debate California Governor Gavin Newsom's strategy of mimicking Trump's social media tactics to counter the former president, praising his boldness while criticizing his policies and political motives. The cluster reflects deep partisan divides over whether his approach is effective resistance or performative populism.""}",36430
part_c,648,"[{'term': 'trump', 'score': 43038.0}, {'term': 'gaza', 'score': 25777.0}, {'term': 'genocide', 'score': 16580.0}, {'term': 'israel', 'score': 9578.0}, {'term': 'biden', 'score': 8173.0}, {'term': 'people', 'score': 8149.0}, {'term': 'harris', 'score': 7438.0}, {'term': 'palestinians', 'score': 6584.0}, {'term': 'netanyahu', 'score': 5853.0}, {'term': 'just', 'score': 3949.0}]","{'title': 'Trump, Netanyahu, and the Gaza Genocide Accusations', 'description': 'The posts collectively condemn Trump and Netanyahu for enabling or exacerbating the humanitarian crisis in Gaza, accusing them of complicity in genocide, supporting the displacement of Palestinians, and planning luxury developments on stolen land. Many express outrage over perceived Democratic inaction and the belief that Trump’s election worsened the situation.'}",36015
part_a,791,"[{'term': 'republican', 'score': 33789.0}, {'term': 'party', 'score': 11196.0}, {'term': 'just', 'score': 3032.0}, {'term': 'like', 'score': 2755.0}, {'term': 'republicans', 'score': 1726.0}, {'term': 'don', 'score': 1683.0}, {'term': 'think', 'score': 1545.0}, {'term': 'people', 'score': 1472.0}, {'term': 'trump', 'score': 1333.0}, {'term': 'right', 'score': 1226.0}]","{'title': ""Outrage Over Republican Party's Decline"", 'description': 'The posts express intense frustration and condemnation toward the Republican Party, portraying it as corrupt, hypocritical, and morally bankrupt. The collective sentiment reflects deep disillusionment with its current leadership, values, and political behavior.'}",32899
part_c,841,"[{'term': 'trump', 'score': 45396.0}, {'term': 'maxwell', 'score': 39253.0}, {'term': 'ghislaine', 'score': 21824.0}, {'term': 'epstein', 'score': 13980.0}, {'term': 'pardon', 'score': 10489.0}, {'term': 'prison', 'score': 6128.0}, {'term': 'sex', 'score': 5092.0}, {'term': 'doj', 'score': 4412.0}, {'term': 'blanche', 'score': 3733.0}, {'term': 'donald', 'score': 3591.0}]","{'title': 'Trump, Maxwell, and the Pardon Plot', 'description': 'The posts revolve around conspiracy theories and allegations that Donald Trump is negotiating a pardon for Ghislaine Maxwell in exchange for her testimony exonerating him and implicating political enemies. Many believe the Justice Department’s actions—such as transferring Maxwell to a low-security facility and interviewing her through Trump’s former lawyer—are part of a coordinated effort to suppress evidence and protect Trump from exposure related to Jeffrey Epstein’s sex trafficking network.'}",32879
part_d,1178,"[{'term': 'trump', 'score': 37134.0}, {'term': 'kimmel', 'score': 32261.0}, {'term': 'jimmy', 'score': 19285.0}, {'term': 'abc', 'score': 11200.0}, {'term': 'disney', 'score': 10101.0}, {'term': 'fcc', 'score': 7245.0}, {'term': 'maga', 'score': 7239.0}, {'term': 'kirk', 'score': 7073.0}, {'term': 'said', 'score': 4804.0}, {'term': 'charlie', 'score': 4441.0}]","{'title': 'Jimmy Kimmel Censorship Controversy', 'description': ""The posts center on the suspension and subsequent reinstatement of Jimmy Kimmel's show amid claims that the Trump administration and FCC pressured Disney/ABC to cancel it. Critics argue this reflects a dangerous threat to free speech and First Amendment rights, framing the incident as political retaliation rather than a response to Kimmel's comments about Charlie Kirk.""}",32064
part_b,263,"[{'term': 'trump', 'score': 43193.0}, {'term': 'greenland', 'score': 40092.0}, {'term': 'canada', 'score': 8373.0}, {'term': 'vance', 'score': 6544.0}, {'term': 'denmark', 'score': 6069.0}, {'term': 'president', 'score': 5390.0}, {'term': 'putin', 'score': 5386.0}, {'term': 'wants', 'score': 5143.0}, {'term': 'donald', 'score': 4235.0}, {'term': 'just', 'score': 3855.0}]","{'title': ""Trump's Obsession with Annexing Greenland"", 'description': ""The posts center on Donald Trump's repeated threats and rhetoric advocating for the U.S. to acquire Greenland, framing it as a strategic, resource-rich territory. Critics condemn the remarks as imperialistic, destabilizing, and dangerously reminiscent of historical aggression, while highlighting Greenlanders' and Denmark's strong opposition to foreign interference.""}",31800
part_a,226,"[{'term': 'vance', 'score': 39157.0}, {'term': 'trump', 'score': 38646.0}, {'term': 'jd', 'score': 10647.0}, {'term': 'president', 'score': 5403.0}, {'term': 'just', 'score': 4097.0}, {'term': 'like', 'score': 4027.0}, {'term': 'think', 'score': 3889.0}, {'term': 'musk', 'score': 3446.0}, {'term': 'vp', 'score': 3010.0}, {'term': 'don', 'score': 2601.0}]","{'title': ""Trump's Legacy and Vance's Rise"", 'description': 'The posts center on growing concerns that Donald Trump may not survive his term, with fears that JD Vance would assume presidential power under the 25th Amendment. Many speculate Vance is a puppet of tech oligarchs like Musk and Thiel, poised to take control after Trump’s decline, raising alarms about a shift toward authoritarian rule masked as continuity.'}",31638
part_d,1329,"[{'term': 'trump', 'score': 30440.0}, {'term': 'court', 'score': 16029.0}, {'term': 'scotus', 'score': 11183.0}, {'term': 'supreme', 'score': 10097.0}, {'term': 'roberts', 'score': 5763.0}, {'term': 'immunity', 'score': 3721.0}, {'term': 'judges', 'score': 3467.0}, {'term': 'maga', 'score': 3295.0}, {'term': 'law', 'score': 3080.0}, {'term': 'just', 'score': 2954.0}]","{'title': ""SCOTUS and Trump's Immunity: A Crisis of Accountability"", 'description': ""The posts express widespread concern that the Supreme Court, particularly its conservative majority, has enabled Donald Trump's unchecked power by granting him broad immunity, undermining the rule of law and democratic norms. Critics accuse the Court of becoming a political tool for MAGA, eroding public trust and paving the way for authoritarianism.""}",29779
part_d,819,"[{'term': 'trump', 'score': 35783.0}, {'term': 'farmers', 'score': 30399.0}, {'term': 'china', 'score': 8222.0}, {'term': 'voted', 'score': 6475.0}, {'term': 'tariffs', 'score': 6395.0}, {'term': 'argentina', 'score': 4760.0}, {'term': 'soybeans', 'score': 4544.0}, {'term': 'american', 'score': 4264.0}, {'term': 'billion', 'score': 4167.0}, {'term': 'soybean', 'score': 4158.0}]","{'title': ""Trump's Tariffs and the Farmer Bailout Crisis"", 'description': ""A cluster of posts criticizes Donald Trump's trade policies for devastating American farmers, particularly soybean producers, by triggering retaliatory tariffs that cut off key export markets. The posts highlight the resulting financial collapse, widespread bankruptcies, and the subsequent $12 billion taxpayer-funded bailout, framing it as a cycle of political betrayal and dependency.""}",29153
part_a,666,"[{'term': 'trump', 'score': 32851.0}, {'term': 'cabinet', 'score': 10461.0}, {'term': 'people', 'score': 6197.0}, {'term': 'picks', 'score': 3635.0}, {'term': 'like', 'score': 3123.0}, {'term': 'administration', 'score': 3095.0}, {'term': 'just', 'score': 3030.0}, {'term': 'qualified', 'score': 2001.0}, {'term': 'position', 'score': 1998.0}, {'term': 'job', 'score': 1935.0}]","{'title': ""Trump's Cabinet: Loyalty Over Qualifications"", 'description': ""The posts criticize Donald Trump's cabinet appointments, highlighting a pattern of selecting unqualified, loyalists over experienced professionals. Many view these picks as part of a deliberate strategy to consolidate power and undermine government institutions.""}",29120
part_b,900,"[{'term': 'trump', 'score': 33934.0}, {'term': 'pope', 'score': 28961.0}, {'term': 'funeral', 'score': 8859.0}, {'term': 'francis', 'score': 8778.0}, {'term': 'catholic', 'score': 5635.0}, {'term': 'president', 'score': 3909.0}, {'term': 'donald', 'score': 3836.0}, {'term': 'vance', 'score': 3755.0}, {'term': 'vatican', 'score': 3378.0}, {'term': 'catholics', 'score': 3128.0}]","{'title': ""Trump's Obsession with Becoming Pope"", 'description': ""The posts center on Donald Trump's controversial behavior and statements following Pope Francis' funeral, including wearing a blue suit, posting an AI-generated image of himself as Pope, and making outlandish claims about becoming the next pontiff. The cluster reflects widespread mockery and concern over Trump's perceived disrespect toward the Catholic Church and his attempt to politicize a sacred event.""}",28694
part_b,892,"[{'term': 'vance', 'score': 32189.0}, {'term': 'trump', 'score': 31945.0}, {'term': 'jd', 'score': 6154.0}, {'term': 'like', 'score': 3590.0}, {'term': 'just', 'score': 3215.0}, {'term': 'president', 'score': 2463.0}, {'term': 'think', 'score': 2316.0}, {'term': 'maga', 'score': 1974.0}, {'term': 'people', 'score': 1930.0}, {'term': 'don', 'score': 1782.0}]","{'title': 'Trump and Vance: A Toxic Duo Under Fire', 'description': 'The posts collectively condemn Donald Trump and JD Vance as morally bankrupt, incompetent, and damaging to American democracy. They portray the duo as bullying, insecure, and out of touch, with widespread criticism over their behavior, loyalty, and political ambitions.'}",28667
part_b,376,"[{'term': 'trump', 'score': 30778.0}, {'term': 'veterans', 'score': 22623.0}, {'term': 'military', 'score': 6510.0}, {'term': 'va', 'score': 6382.0}, {'term': 'vets', 'score': 5140.0}, {'term': 'voted', 'score': 4727.0}, {'term': 'musk', 'score': 4128.0}, {'term': 'veteran', 'score': 4072.0}, {'term': 'care', 'score': 3618.0}, {'term': 'administration', 'score': 3465.0}]","{'title': ""Trump's War on Veterans: Betrayal and Backlash"", 'description': ""A wave of outrage among veterans and supporters over Trump and Musk's mass layoffs at the VA, cuts to veteran benefits, and inflammatory rhetoric that dismisses military service. The posts highlight betrayal, systemic dismantling of veteran care, and growing anger from those who feel abandoned by a leader they once supported.""}",27440
part_d,835,"[{'term': 'snap', 'score': 35188.0}, {'term': 'trump', 'score': 34397.0}, {'term': 'benefits', 'score': 16091.0}, {'term': 'administration', 'score': 13474.0}, {'term': 'food', 'score': 12392.0}, {'term': 'court', 'score': 8510.0}, {'term': 'shutdown', 'score': 7284.0}, {'term': 'fund', 'score': 6400.0}, {'term': 'people', 'score': 5808.0}, {'term': 'states', 'score': 5720.0}]","{'title': 'Trump Admin vs. SNAP: Court Battles Over Food Aid', 'description': ""A cluster of posts highlights legal and political conflicts over the Trump administration's attempts to withhold SNAP benefits during a government shutdown, despite court orders mandating the use of emergency funds. The posts express outrage over the potential starvation of millions, accusations of political weaponization of hunger, and calls for accountability.""}",25546
part_a,676,"[{'term': 'trump', 'score': 37047.0}, {'term': 'ukraine', 'score': 30258.0}, {'term': 'putin', 'score': 12690.0}, {'term': 'war', 'score': 11764.0}, {'term': 'russia', 'score': 10705.0}, {'term': 'president', 'score': 6503.0}, {'term': 'end', 'score': 5916.0}, {'term': 'donald', 'score': 4255.0}, {'term': 'peace', 'score': 3572.0}, {'term': 'zelensky', 'score': 3340.0}]","{'title': ""Trump's Ukraine Policy: Fear of Abandonment"", 'description': ""The posts express widespread concern that Donald Trump will abandon Ukraine, cut military aid, and broker a deal favoring Russia. Many believe Trump's promises to end the war quickly are performative, driven by loyalty to Putin rather than U.S. or Ukrainian interests.""}",25315
part_d,1287,"[{'term': 'trump', 'score': 20096.0}, {'term': 'maga', 'score': 7738.0}, {'term': 'just', 'score': 3615.0}, {'term': 'like', 'score': 3191.0}, {'term': 'think', 'score': 2267.0}, {'term': 'don', 'score': 2043.0}, {'term': 'people', 'score': 1572.0}, {'term': 'doesn', 'score': 1422.0}, {'term': 'going', 'score': 1415.0}, {'term': 'run', 'score': 1374.0}]","{'title': 'Marjorie Taylor Greene: From MAGA Icon to Political Reckoning', 'description': ""These posts center on Marjorie Taylor Greene's shifting political stance, her falling out with Trump, and the speculation around her potential pivot from a staunch MAGA figure to a critic of the movement. The discourse explores her credibility, motivations, and the broader implications for the future of the Republican Party and her own political survival.""}",25119
part_c,1335,"[{'term': 'trump', 'score': 27992.0}, {'term': 'voted', 'score': 11008.0}, {'term': 'harris', 'score': 10034.0}, {'term': 'vote', 'score': 9733.0}, {'term': 'voters', 'score': 6728.0}, {'term': 'people', 'score': 6374.0}, {'term': 'didn', 'score': 5009.0}, {'term': 'did', 'score': 3956.0}, {'term': 'kamala', 'score': 3855.0}, {'term': 'voting', 'score': 2718.0}]","{'title': ""Blame Game After Trump's 2024 Electoral Win"", 'description': 'The posts reflect intense frustration and blame directed at voters who supported Trump, voted third party, or abstained from voting in the 2024 U.S. election. Many argue that non-support for Kamala Harris effectively enabled Trump’s victory, emphasizing voter responsibility and the consequences of apathy or perceived moral compromise.'}",24944
part_d,658,"[{'term': 'vance', 'score': 30958.0}, {'term': 'trump', 'score': 27379.0}, {'term': 'jd', 'score': 9430.0}, {'term': 'maga', 'score': 4830.0}, {'term': 'president', 'score': 3976.0}, {'term': 'like', 'score': 3544.0}, {'term': 'just', 'score': 3145.0}, {'term': 'think', 'score': 2857.0}, {'term': 'people', 'score': 2108.0}, {'term': 'don', 'score': 2045.0}]","{'title': ""Vance as Trump's Heir: Power, Puppetry, and Republican Fractures"", 'description': 'These posts center on growing speculation that J.D. Vance is being positioned as Donald Trump’s political successor, despite widespread criticism of his lack of charisma, moral credibility, and deep ties to billionaire backers like Peter Thiel. The discourse reveals deep divisions within the Republican Party over who will lead after Trump, with fears that Vance’s rise could cement a technocratic, authoritarian conservative regime.'}",24724
part_b,921,"[{'term': 'trump', 'score': 29119.0}, {'term': 'putin', 'score': 26720.0}, {'term': 'like', 'score': 2460.0}, {'term': 'just', 'score': 2109.0}, {'term': 'does', 'score': 1728.0}, {'term': 'think', 'score': 1371.0}, {'term': 'puppet', 'score': 1328.0}, {'term': 'russia', 'score': 1282.0}, {'term': 'know', 'score': 1198.0}, {'term': 'wants', 'score': 1143.0}]","{'title': ""Trump's Alleged Subservience to Putin"", 'description': ""These posts collectively express a strong belief that Donald Trump is under Putin's influence or control, either through blackmail, admiration, or ideological alignment. The recurring theme centers on Trump's perceived loyalty to Putin, with claims that he acts as a puppet, prioritizing Putin's interests over America's.""}",24302
part_a,618,"[{'term': 'trump', 'score': 27966.0}, {'term': 'court', 'score': 13096.0}, {'term': 'immunity', 'score': 8285.0}, {'term': 'scotus', 'score': 8040.0}, {'term': 'supreme', 'score': 7933.0}, {'term': 'biden', 'score': 3744.0}, {'term': 'president', 'score': 3525.0}, {'term': 'judges', 'score': 3267.0}, {'term': 'roberts', 'score': 2826.0}, {'term': 'just', 'score': 2643.0}]","{'title': ""Supreme Court and Trump's Immunity Crisis"", 'description': ""The posts center on growing concerns that the Supreme Court's recent immunity ruling for Donald Trump enables him to defy court orders with impunity, raising fears of a constitutional crisis and the erosion of the rule of law. Many express alarm over a perceived politicized judiciary and the potential for authoritarian governance under a Trump-led administration.""}",24023
part_a,481,"[{'term': 'trump', 'score': 36025.0}, {'term': 'crypto', 'score': 17122.0}, {'term': 'bitcoin', 'score': 8144.0}, {'term': 'coin', 'score': 7222.0}, {'term': 'meme', 'score': 4941.0}, {'term': 'donald', 'score': 4405.0}, {'term': 'president', 'score': 3966.0}, {'term': 'cryptocurrency', 'score': 3286.0}, {'term': 'new', 'score': 3052.0}, {'term': 'just', 'score': 3043.0}]","{'title': ""Trump's Meme Coin Scandal and Crypto Corruption"", 'description': 'The posts center on widespread criticism of Donald Trump launching a meme cryptocurrency shortly before his inauguration, with allegations of conflict of interest, insider profiteering, and using crypto as a vehicle for untraceable wealth accumulation and potential bribery. Many highlight the ethical and legal concerns, including ties to militant-linked platforms and the rapid rise and fall of the $TRUMP and $MELANIA coins.'}",23566
part_b,941,"[{'term': 'trump', 'score': 33533.0}, {'term': 'ukraine', 'score': 22944.0}, {'term': 'minerals', 'score': 17325.0}, {'term': 'deal', 'score': 15408.0}, {'term': 'mineral', 'score': 7553.0}, {'term': 'putin', 'score': 7347.0}, {'term': 'rare', 'score': 6690.0}, {'term': 'zelensky', 'score': 5542.0}, {'term': 'earth', 'score': 4990.0}, {'term': 'russia', 'score': 4890.0}]","{'title': ""Trump's Mineral Deal Demands in Ukraine"", 'description': ""The posts center on widespread criticism of Donald Trump's push for the U.S. to gain control over Ukraine's rare earth minerals as a condition for continued military aid. Many accuse Trump of exploiting Ukraine's crisis for personal and corporate gain, calling the proposal a coercive 'protection racket' that undermines sovereignty and peace efforts.""}",23531
part_b,42,"[{'term': 'trump', 'score': 25810.0}, {'term': 'project', 'score': 24804.0}, {'term': '2025', 'score': 24527.0}, {'term': 'people', 'score': 3428.0}, {'term': 'maga', 'score': 3391.0}, {'term': 'just', 'score': 3041.0}, {'term': 'musk', 'score': 2910.0}, {'term': 'plan', 'score': 2484.0}, {'term': 'heritage', 'score': 2178.0}, {'term': 'said', 'score': 2088.0}]","{'title': ""Project 2025: Trump's Hidden Agenda"", 'description': ""These posts expose the rapid implementation of Project 2025—a conservative blueprint to dismantle federal agencies, install loyalists, and reshape the U.S. government—despite Donald Trump's repeated denials. The authors argue that Trump is a figurehead, while powerful right-wing architects like Russell Vought and billionaire backers are driving an authoritarian agenda.""}",22906
part_d,898,"[{'term': 'trump', 'score': 17882.0}, {'term': 'health', 'score': 9753.0}, {'term': 'aca', 'score': 9485.0}, {'term': 'plan', 'score': 9218.0}, {'term': 'care', 'score': 9096.0}, {'term': 'republican', 'score': 8303.0}, {'term': 'healthcare', 'score': 8279.0}, {'term': 'insurance', 'score': 7306.0}, {'term': 'subsidies', 'score': 5507.0}, {'term': 'republicans', 'score': 5323.0}]","{'title': 'Republicans Fail to Replace ACA, Premiums Soar', 'description': 'The posts criticize the Republican Party for failing to provide a viable alternative to the Affordable Care Act, highlighting skyrocketing premiums and the expiration of crucial subsidies. They argue that Republicans have repeatedly sabotaged healthcare stability without offering a real plan, leaving millions at risk.'}",22779
part_b,411,"[{'term': 'trump', 'score': 29589.0}, {'term': 'protest', 'score': 11326.0}, {'term': 'musk', 'score': 10094.0}, {'term': 'hands', 'score': 9099.0}, {'term': 'protests', 'score': 9087.0}, {'term': 'day', 'score': 6361.0}, {'term': 'anti', 'score': 5859.0}, {'term': 'people', 'score': 5117.0}, {'term': 'april', 'score': 4979.0}, {'term': 'saturday', 'score': 4562.0}]","{'title': 'Nationwide Protests Against Trump and Musk', 'description': ""Across the U.S. and globally, hundreds of thousands of people are protesting against the policies and executive actions of President Donald Trump and Elon Musk, citing threats to democracy, federal workers, social programs, and civil rights. The demonstrations, part of coordinated movements like 'Hands Off!' and '50501,' emphasize nonviolent resistance and grassroots mobilization.""}",22547
part_c,1338,"[{'term': 'maga', 'score': 13389.0}, {'term': 'bsky', 'score': 10511.0}, {'term': 'trump', 'score': 10244.0}, {'term': 'social', 'score': 9958.0}, {'term': 'bluesky', 'score': 4970.0}, {'term': 'block', 'score': 4271.0}, {'term': 'just', 'score': 3373.0}, {'term': 'like', 'score': 3046.0}, {'term': 'people', 'score': 2880.0}, {'term': 'blocked', 'score': 2439.0}]","{'title': 'MAGA Blocklists and Bluesky Tensions', 'description': 'The posts revolve around users on Bluesky organizing and reacting to MAGA blocklists, expressing frustration with Trump, Elon Musk, and the influx of conservative extremists on the platform. Many celebrate the ability to block harmful accounts, while criticizing the political polarization and perceived influence of MAGA ideology on the app.'}",22494
part_d,1262,"[{'term': 'trump', 'score': 25143.0}, {'term': 'vote', 'score': 9548.0}, {'term': 'harris', 'score': 9426.0}, {'term': 'voted', 'score': 9271.0}, {'term': 'voters', 'score': 5891.0}, {'term': 'people', 'score': 5809.0}, {'term': 'didn', 'score': 4528.0}, {'term': 'kamala', 'score': 4035.0}, {'term': 'did', 'score': 3476.0}, {'term': 'voting', 'score': 2721.0}]","{'title': ""Blame Game After Trump's 2024 Re-Election"", 'description': 'The posts reflect intense frustration and blame directed at voters who supported Trump, abstained, or backed third-party candidates, arguing that their choices enabled Trump’s re-election despite widespread opposition. Many emphasize that Harris was the preferable alternative, and criticize voter apathy and strategic voting failures within the Democratic base.'}",22467
part_c,370,"[{'term': 'vance', 'score': 27364.0}, {'term': 'trump', 'score': 26126.0}, {'term': 'jd', 'score': 6972.0}, {'term': 'maga', 'score': 4098.0}, {'term': 'president', 'score': 3472.0}, {'term': 'like', 'score': 3201.0}, {'term': 'think', 'score': 2977.0}, {'term': 'just', 'score': 2890.0}, {'term': 'don', 'score': 2168.0}, {'term': 'thiel', 'score': 1939.0}]","{'title': 'JD Vance: The Hidden Threat Behind Trump', 'description': ""These posts revolve around the growing concern that JD Vance, despite his lack of charisma, is a strategic, ideologically driven figure backed by billionaire elites like Peter Thiel and Elon Musk. Many believe he is poised to replace Trump if he becomes incapacitated, potentially ushering in a more dangerous, authoritarian era under the guise of 'normalization' and conservative order.""}",22283
part_d,505,"[{'term': 'trump', 'score': 33675.0}, {'term': 'iran', 'score': 28941.0}, {'term': 'protesters', 'score': 8122.0}, {'term': 'iranian', 'score': 6121.0}, {'term': 'president', 'score': 5361.0}, {'term': 'says', 'score': 4506.0}, {'term': 'protests', 'score': 4248.0}, {'term': 'donald', 'score': 4214.0}, {'term': 'military', 'score': 3815.0}, {'term': 'regime', 'score': 3657.0}]","{'title': ""Trump's Iran Threats Amid Protests"", 'description': ""The posts center on Donald Trump's escalating rhetoric toward Iran, threatening military action if the regime continues to suppress protests. Critics highlight the hypocrisy and inconsistency in his stance, contrasting his support for Iranian demonstrators with his harsh treatment of protesters in the U.S.""}",22175
part_c,1365,"[{'term': 'trump', 'score': 37183.0}, {'term': 'crypto', 'score': 20131.0}, {'term': 'bitcoin', 'score': 5536.0}, {'term': 'coin', 'score': 5251.0}, {'term': 'president', 'score': 4643.0}, {'term': 'family', 'score': 4580.0}, {'term': 'meme', 'score': 3842.0}, {'term': 'dinner', 'score': 3559.0}, {'term': 'donald', 'score': 3251.0}, {'term': 'cryptocurrency', 'score': 2692.0}]","{'title': ""Trump's Meme Coin Scandal and Crypto Corruption"", 'description': ""A cluster of posts exposes the controversy surrounding Donald Trump's $TRUMP meme coin, highlighting allegations of corruption, ethical violations, and the use of cryptocurrency to grant political access. The posts detail how top investors, many foreign nationals, were rewarded with private dinners and influence, while ordinary buyers lost money, and the Trump family amassed billions through crypto ventures tied to political power.""}",21915
part_b,961,"[{'term': 'trump', 'score': 12186.0}, {'term': 'maga', 'score': 10694.0}, {'term': 'bsky', 'score': 7892.0}, {'term': 'social', 'score': 7756.0}, {'term': 'bluesky', 'score': 3864.0}, {'term': 'block', 'score': 3294.0}, {'term': 'just', 'score': 3230.0}, {'term': 'people', 'score': 3043.0}, {'term': 'like', 'score': 2694.0}, {'term': 'twitter', 'score': 2471.0}]","{'title': 'MAGA Trolls and Political Tensions on Bluesky', 'description': ""The posts reflect a strong anti-MAGA sentiment among users on Bluesky, with frequent reports of political harassment, blocklist activism, and concerns over the platform's moderation. Many users express relief at leaving X (Twitter) and Facebook, citing increased toxicity and right-wing extremism, while also warning against MAGA infiltration and coordinated harassment campaigns.""}",21366
part_c,611,"[{'term': 'trump', 'score': 21925.0}, {'term': 'mamdani', 'score': 15365.0}, {'term': 'cuomo', 'score': 11403.0}, {'term': 'new', 'score': 5944.0}, {'term': 'nyc', 'score': 4978.0}, {'term': 'mayor', 'score': 4972.0}, {'term': 'zohran', 'score': 4824.0}, {'term': 'york', 'score': 4579.0}, {'term': 'adams', 'score': 4290.0}, {'term': 'republican', 'score': 3973.0}]","{'title': ""Mamdani's NYC Mayoral Upset and Political Backlash"", 'description': 'The posts center on Zohran Mamdani’s surprising victory in the NYC Democratic mayoral primary, sparking fierce reactions from both right-wing figures and establishment Democrats. The backlash highlights deep divisions within the Democratic Party over progressive candidates, Trump’s interference, and the broader ideological struggle between left-wing populism and political centrism.'}",21185
part_c,677,"[{'term': 'trump', 'score': 27629.0}, {'term': 'taco', 'score': 18385.0}, {'term': 'chickens', 'score': 5449.0}, {'term': 'chicken', 'score': 2530.0}, {'term': 'wall', 'score': 2055.0}, {'term': 'like', 'score': 2016.0}, {'term': 'donald', 'score': 1931.0}, {'term': 'street', 'score': 1925.0}, {'term': 'tacos', 'score': 1808.0}, {'term': 'president', 'score': 1750.0}]","{'title': ""TACO Trump: The Meme That Mocks Trump's Policy Backdowns"", 'description': ""A viral internet meme using 'TACO' (Trump Always Chickens Out) to mock President Trump's perceived failure to follow through on aggressive tariff threats, particularly in response to Wall Street reactions. The acronym has sparked widespread parody, merchandise, and jokes linking Trump to fast food and cowardice.""}",21149
part_b,699,"[{'term': 'trump', 'score': 25025.0}, {'term': 'tariffs', 'score': 21199.0}, {'term': 'tariff', 'score': 5470.0}, {'term': 'tax', 'score': 3569.0}, {'term': 'just', 'score': 2844.0}, {'term': 'people', 'score': 2223.0}, {'term': 'like', 'score': 2131.0}, {'term': 'countries', 'score': 2035.0}, {'term': '90', 'score': 1988.0}, {'term': 'pay', 'score': 1920.0}]","{'title': ""Trump's Tariff Controversy and Public Backlash"", 'description': ""The posts critique President Trump's proposal to replace income taxes with tariff revenue, highlighting widespread confusion and criticism over how tariffs actually work. Many argue that tariffs are regressive taxes paid by American consumers, not foreign countries, and warn of economic harm and wealth redistribution to the wealthy.""}",21033
part_a,609,"[{'term': 'trump', 'score': 23790.0}, {'term': 'biden', 'score': 22524.0}, {'term': 'hunter', 'score': 14210.0}, {'term': 'pardon', 'score': 11852.0}, {'term': 'son', 'score': 7283.0}, {'term': 'pardoned', 'score': 5067.0}, {'term': 'pardons', 'score': 4460.0}, {'term': 'president', 'score': 4337.0}, {'term': 'joe', 'score': 4050.0}, {'term': 'pardoning', 'score': 3937.0}]","{'title': ""Biden's Hunter Pardon Amid Trump Retribution Fears"", 'description': ""The posts center on President Biden's decision to pardon his son Hunter Biden, framed as a necessary act of protection against anticipated political retribution from a potential Trump administration. Many argue it was a strategic, fatherly move to shield Hunter from a vengeful, authoritarian regime, while criticizing the hypocrisy of GOP outrage over the pardon.""}",20815
part_c,1307,"[{'term': 'trump', 'score': 32323.0}, {'term': 'alaska', 'score': 25581.0}, {'term': 'putin', 'score': 25022.0}, {'term': 'ukraine', 'score': 7957.0}, {'term': 'russia', 'score': 7409.0}, {'term': 'summit', 'score': 6072.0}, {'term': 'meeting', 'score': 5882.0}, {'term': 'president', 'score': 5567.0}, {'term': 'russian', 'score': 4161.0}, {'term': 'war', 'score': 3468.0}]","{'title': 'Trump-Putin Summit in Alaska Sparks Conspiracy Theories', 'description': ""The fictionalized summit between Donald Trump and Vladimir Putin in Alaska fuels widespread satire and conspiracy claims, with users joking about Trump offering Alaska to Russia, despite the meeting producing no concrete agreements on Ukraine. The posts reflect deep skepticism about Trump's foreign policy and his perceived alignment with Putin.""}",20727
part_d,51,"[{'term': 'trump', 'score': 33557.0}, {'term': 'kennedy', 'score': 30752.0}, {'term': 'center', 'score': 28832.0}, {'term': 'donald', 'score': 4924.0}, {'term': 'president', 'score': 4725.0}, {'term': 'board', 'score': 3479.0}, {'term': 'arts', 'score': 3324.0}, {'term': 'performing', 'score': 2688.0}, {'term': 'honors', 'score': 2476.0}, {'term': 'rename', 'score': 2268.0}]","{'title': ""Trump's Renaming of the Kennedy Center Sparks Backlash"", 'description': ""A wave of criticism erupts after President Trump's handpicked board renames the John F. Kennedy Center for the Performing Arts the 'Trump-Kennedy Center,' leading to mass artist boycotts, plummeting ratings, and legal disputes. Critics condemn the move as illegal, disrespectful to JFK’s legacy, and a symbol of Trump’s narcissistic erosion of cultural institutions.""}",20447
part_b,538,"[{'term': 'trump', 'score': 31455.0}, {'term': 'crypto', 'score': 18753.0}, {'term': 'bitcoin', 'score': 7212.0}, {'term': 'reserve', 'score': 4458.0}, {'term': 'coin', 'score': 4366.0}, {'term': 'president', 'score': 4347.0}, {'term': 'donald', 'score': 2865.0}, {'term': 'meme', 'score': 2839.0}, {'term': 'family', 'score': 2774.0}, {'term': 'cryptocurrency', 'score': 2746.0}]","{'title': ""Trump's Crypto Scam Allegations"", 'description': 'The posts collectively accuse Donald Trump and his associates of exploiting cryptocurrency for personal gain, including launching meme coins, offering exclusive access in exchange for investments, and manipulating markets. Critics argue these actions constitute corruption, fraud, and a dangerous blurring of government power and private profit.'}",19831
part_a,554,"[{'term': 'gaetz', 'score': 24012.0}, {'term': 'trump', 'score': 22196.0}, {'term': 'matt', 'score': 11594.0}, {'term': 'attorney', 'score': 6188.0}, {'term': 'general', 'score': 6117.0}, {'term': 'report', 'score': 5444.0}, {'term': 'ethics', 'score': 4770.0}, {'term': 'ag', 'score': 4372.0}, {'term': 'sex', 'score': 4044.0}, {'term': 'house', 'score': 3819.0}]","{'title': 'Gaetz AG Nomination Scandal', 'description': ""The posts center on the controversy surrounding Matt Gaetz's nomination as Attorney General by Donald Trump, highlighting allegations of sexual misconduct with minors, drug use, and ethical violations. The backlash reflects widespread condemnation of Gaetz's suitability for the role and criticism of Trump's judgment and the GOP's response.""}",19641
part_d,1349,"[{'term': 'maga', 'score': 20322.0}, {'term': 'just', 'score': 1930.0}, {'term': 'stupid', 'score': 1571.0}, {'term': 'like', 'score': 1516.0}, {'term': 'don', 'score': 1362.0}, {'term': 'people', 'score': 1346.0}, {'term': 'think', 'score': 1210.0}, {'term': 'know', 'score': 1197.0}, {'term': 'lies', 'score': 1101.0}, {'term': 'believe', 'score': 1090.0}]","{'title': 'MAGA Critique and Mockery', 'description': ""The posts collectively express strong criticism and mockery of MAGA supporters, highlighting perceived ignorance, lack of critical thinking, and blind loyalty to Trump. The tone is sarcastic and dismissive, focusing on the group's perceived irrationality and resistance to facts.""}",19564
part_b,252,"[{'term': 'trump', 'score': 23823.0}, {'term': 'farmers', 'score': 21188.0}, {'term': 'voted', 'score': 5486.0}, {'term': 'tariffs', 'score': 4932.0}, {'term': 'farm', 'score': 2824.0}, {'term': 'farmer', 'score': 2746.0}, {'term': 'maga', 'score': 2531.0}, {'term': 'china', 'score': 2439.0}, {'term': 'time', 'score': 2196.0}, {'term': 'farms', 'score': 2043.0}]","{'title': ""Farmers Betrayed by Trump's Trade Policies"", 'description': 'Despite voting for Trump, many farmers are suffering from his tariffs, funding cuts, and anti-immigration policies that have disrupted exports and market access. The backlash highlights a growing divide between political loyalty and economic reality, as farmers now face financial ruin and demand taxpayer bailouts.'}",19563
part_b,600,"[{'term': 'trump', 'score': 22316.0}, {'term': 'election', 'score': 15502.0}, {'term': 'musk', 'score': 8380.0}, {'term': 'elon', 'score': 5646.0}, {'term': 'rigged', 'score': 4863.0}, {'term': 'won', 'score': 3551.0}, {'term': 'voting', 'score': 3381.0}, {'term': 'did', 'score': 3271.0}, {'term': 'vote', 'score': 3210.0}, {'term': 'states', 'score': 3181.0}]","{'title': 'Trump-Musk Election Fraud Allegations', 'description': 'A cluster of posts alleging that Donald Trump and Elon Musk conspired to rig the 2024 U.S. election, citing impossible electoral outcomes, claims of hacking, Starlink use, and public statements by Trump praising Musk’s role in vote counting. The posts call for investigations and challenge the legitimacy of the election results.'}",19435
part_a,750,"[{'term': 'trump', 'score': 21245.0}, {'term': 'tariffs', 'score': 18775.0}, {'term': 'tariff', 'score': 4243.0}, {'term': 'prices', 'score': 2944.0}, {'term': 'just', 'score': 2755.0}, {'term': 'maga', 'score': 2219.0}, {'term': 'people', 'score': 2218.0}, {'term': 'going', 'score': 2070.0}, {'term': 'pay', 'score': 2010.0}, {'term': 'like', 'score': 1956.0}]","{'title': ""Trump's Tariff Obsession: Bluster, Backlash, and Economic Reality"", 'description': ""The posts critique Donald Trump's repeated promotion of tariffs as a political tool, highlighting widespread confusion among supporters, the economic consequences for American consumers, and skepticism about his understanding of trade policy. Many emphasize that tariffs ultimately raise prices, hurt ordinary families, and serve as a self-serving strategy rather than genuine economic reform.""}",19121
part_b,487,"[{'term': 'trump', 'score': 24925.0}, {'term': 'research', 'score': 12777.0}, {'term': 'science', 'score': 7603.0}, {'term': 'cancer', 'score': 6778.0}, {'term': 'administration', 'score': 6755.0}, {'term': 'funding', 'score': 6335.0}, {'term': 'nih', 'score': 5856.0}, {'term': 'scientists', 'score': 4760.0}, {'term': 'cuts', 'score': 4560.0}, {'term': 'health', 'score': 3238.0}]","{'title': ""Trump's Assault on Scientific Research"", 'description': ""A cluster of posts highlights widespread outrage over the Trump administration's cuts to federal science funding, particularly at the NIH and NSF, and its impact on cancer, Alzheimer’s, and other critical medical research. Scientists, survivors, and advocates warn of a brain drain, eroded public health, and a dangerous retreat from evidence-based policy.""}",19093
part_a,518,"[{'term': 'trump', 'score': 27550.0}, {'term': 'amendment', 'score': 10136.0}, {'term': '14th', 'score': 8992.0}, {'term': 'office', 'score': 6507.0}, {'term': 'court', 'score': 6388.0}, {'term': 'ballot', 'score': 6293.0}, {'term': 'president', 'score': 5110.0}, {'term': 'constitution', 'score': 5036.0}, {'term': 'congress', 'score': 4895.0}, {'term': 'supreme', 'score': 4732.0}]","{'title': 'Trump Disqualification Under 14th Amendment', 'description': ""Posts center on the legal and constitutional debate over whether Donald Trump is disqualified from holding office under Section 3 of the 14th Amendment due to his role in the January 6 insurrection. Multiple state courts have ruled he engaged in insurrection, but the U.S. Supreme Court's decision will determine his eligibility to remain on the 2024 ballot.""}",19067
part_c,1003,"[{'term': 'pope', 'score': 22992.0}, {'term': 'trump', 'score': 17351.0}, {'term': 'maga', 'score': 7153.0}, {'term': 'leo', 'score': 6231.0}, {'term': 'new', 'score': 5482.0}, {'term': 'american', 'score': 4638.0}, {'term': 'xiv', 'score': 3289.0}, {'term': 'catholic', 'score': 3155.0}, {'term': 'catholics', 'score': 2321.0}, {'term': 'vance', 'score': 2196.0}]","{'title': ""Trump's Obsession with the American Pope"", 'description': ""The posts center on Donald Trump's increasingly absurd claims and reactions to the election of Pope Leo XIV, the first American pope, including his attempts to claim credit, post AI-generated images of himself as pope, and frame the papal election as a personal victory—despite the pope's clear distance from Trump's ideology and the Vatican's independence from U.S. politics.""}",18948
part_b,730,"[{'term': 'trump', 'score': 31485.0}, {'term': 'approval', 'score': 12576.0}, {'term': 'poll', 'score': 9362.0}, {'term': 'rating', 'score': 7129.0}, {'term': 'president', 'score': 6352.0}, {'term': 'americans', 'score': 4832.0}, {'term': 'polls', 'score': 4704.0}, {'term': 'donald', 'score': 4620.0}, {'term': 'new', 'score': 3918.0}, {'term': 'news', 'score': 3041.0}]","{'title': ""Trump's Approval Ratings Plummet Amid Economic Concerns"", 'description': ""Multiple recent polls show Donald Trump's approval ratings sinking to historic lows, with disapproval exceeding approval across key metrics. Voters express growing concern over his economic policies, perceived overreach of power, and the impact of his administration's rapid changes.""}",18446
part_c,365,"[{'term': 'trump', 'score': 19608.0}, {'term': 'project', 'score': 18864.0}, {'term': '2025', 'score': 18429.0}, {'term': 'maga', 'score': 3201.0}, {'term': 'people', 'score': 2719.0}, {'term': 'just', 'score': 2442.0}, {'term': 'heritage', 'score': 2067.0}, {'term': 'vought', 'score': 1913.0}, {'term': 'plan', 'score': 1836.0}, {'term': 'foundation', 'score': 1836.0}]","{'title': 'Project 2025: Trump as a Puppet', 'description': ""These posts collectively argue that Donald Trump is a figurehead for the far-right 'Project 2025' agenda, orchestrated by the Heritage Foundation and conservative elites. They claim Trump lied about his ignorance of the plan, while his administration rapidly implements its authoritarian, anti-democratic policies.""}",18338
part_d,1208,"[{'term': 'trump', 'score': 18908.0}, {'term': 'media', 'score': 15264.0}, {'term': 'news', 'score': 3091.0}, {'term': 'press', 'score': 2686.0}, {'term': 'like', 'score': 2258.0}, {'term': 'just', 'score': 2172.0}, {'term': 'people', 'score': 1660.0}, {'term': 'don', 'score': 1512.0}, {'term': 'journalists', 'score': 1463.0}, {'term': 'owned', 'score': 1394.0}]","{'title': 'Mainstream Media Complicity with Trump', 'description': 'The posts collectively criticize the mainstream media for being controlled by right-wing billionaires and complicit in enabling Donald Trump’s rhetoric and actions. They argue that corporate media outlets prioritize profit and political alignment over accountability, failing to challenge Trump’s lies and undermining democratic integrity.'}",18229
part_c,894,"[{'term': 'trump', 'score': 19992.0}, {'term': 'pedophile', 'score': 8343.0}, {'term': 'rapist', 'score': 4305.0}, {'term': 'donald', 'score': 3134.0}, {'term': 'child', 'score': 2441.0}, {'term': 'children', 'score': 2134.0}, {'term': 'pedo', 'score': 1929.0}, {'term': 'raped', 'score': 1651.0}, {'term': 'girls', 'score': 1594.0}, {'term': 'pedophiles', 'score': 1560.0}]","{'title': 'Trump Allegations: Pedophilia Claims', 'description': 'A cluster of social media posts repeatedly accuse Donald Trump of being a pedophile, using strong, inflammatory language. The posts center on the allegation that Trump has a history of sexual abuse involving minors, framing him as a predatory figure and criticizing supporters who defend him.'}",17808
part_c,1063,"[{'term': 'trump', 'score': 19582.0}, {'term': 'lies', 'score': 6920.0}, {'term': 'lie', 'score': 4826.0}, {'term': 'lying', 'score': 4079.0}, {'term': 'liar', 'score': 2854.0}, {'term': 'truth', 'score': 2602.0}, {'term': 'says', 'score': 1969.0}, {'term': 'just', 'score': 1812.0}, {'term': 'believe', 'score': 1657.0}, {'term': 'know', 'score': 1656.0}]","{'title': ""Trump's Pattern of Constant Lying"", 'description': 'The posts collectively condemn Donald Trump as a habitual and pathological liar, emphasizing his repeated false statements, disregard for facts, and the widespread belief that his every claim should be taken as the opposite of the truth. The cluster highlights the normalization of his misinformation across his presidency and beyond.'}",17704
part_b,765,"[{'term': 'trump', 'score': 28229.0}, {'term': 'law', 'score': 19283.0}, {'term': 'firms', 'score': 12019.0}, {'term': 'firm', 'score': 10777.0}, {'term': 'order', 'score': 4980.0}, {'term': 'executive', 'score': 4510.0}, {'term': 'legal', 'score': 4167.0}, {'term': 'lawyers', 'score': 4135.0}, {'term': 'weiss', 'score': 3695.0}, {'term': 'paul', 'score': 3658.0}]","{'title': 'Big Law Firms Under Pressure from Trump', 'description': 'A cluster of posts highlights the growing tension between major U.S. law firms and the Trump administration, as firms face executive orders, threats to security clearances, and demands for pro bono work. Many firms have capitulated, sparking widespread criticism over compromised legal independence and ethical concerns.'}",17703
part_d,153,"[{'term': 'trump', 'score': 20445.0}, {'term': 'project', 'score': 18801.0}, {'term': '2025', 'score': 18532.0}, {'term': 'maga', 'score': 2764.0}, {'term': 'people', 'score': 2520.0}, {'term': 'vought', 'score': 2496.0}, {'term': 'just', 'score': 2057.0}, {'term': 'heritage', 'score': 1862.0}, {'term': 'plan', 'score': 1853.0}, {'term': 'foundation', 'score': 1606.0}]","{'title': 'Project 2025: Authoritarian Blueprint in Action', 'description': 'These posts collectively condemn Project 2025 as a coordinated, far-right agenda to dismantle democratic institutions, impose Christian nationalism, and consolidate authoritarian power under the guise of a Trump-led administration. Critics argue Trump is a puppet for the Heritage Foundation and extremist allies, with the plan already being implemented through mass deportations, attacks on civil servants, and the erosion of civil liberties.'}",17489
part_b,594,"[{'term': 'social', 'score': 24490.0}, {'term': 'security', 'score': 23792.0}, {'term': 'trump', 'score': 19029.0}, {'term': 'musk', 'score': 9788.0}, {'term': 'people', 'score': 4297.0}, {'term': 'administration', 'score': 3870.0}, {'term': 'elon', 'score': 3599.0}, {'term': 'doge', 'score': 3441.0}, {'term': 'benefits', 'score': 2931.0}, {'term': 'ss', 'score': 2108.0}]","{'title': 'Trump and Musk Attack Social Security', 'description': 'A coordinated effort by Donald Trump and Elon Musk to undermine the Social Security Administration through staff cuts, office closures, and false claims about fraud is sparking widespread concern. Critics argue these actions are part of a broader strategy to privatize the program and benefit billionaires, despite Social Security being a vital lifeline for millions of Americans.'}",17109
part_b,793,"[{'term': 'trump', 'score': 18625.0}, {'term': 'court', 'score': 8430.0}, {'term': 'scotus', 'score': 6201.0}, {'term': 'supreme', 'score': 4645.0}, {'term': 'immunity', 'score': 2346.0}, {'term': 'judges', 'score': 2106.0}, {'term': 'courts', 'score': 2096.0}, {'term': 'orders', 'score': 1878.0}, {'term': 'just', 'score': 1837.0}, {'term': 'law', 'score': 1657.0}]","{'title': 'Trump Ignores Courts, SCOTUS Undermined', 'description': ""The posts express widespread concern that Donald Trump is openly defying court rulings, with the Supreme Court's recent immunity decision enabling him to act with impunity. Many argue the judiciary has lost its power and credibility, especially under a conservative-majority court perceived as aligned with Trump.""}",17066
part_a,398,"[{'term': 'trump', 'score': 17864.0}, {'term': 'tax', 'score': 15977.0}, {'term': 'cuts', 'score': 7106.0}, {'term': 'taxes', 'score': 5391.0}, {'term': 'debt', 'score': 3616.0}, {'term': 'pay', 'score': 3430.0}, {'term': 'rich', 'score': 3045.0}, {'term': 'cut', 'score': 2640.0}, {'term': 'republican', 'score': 2282.0}, {'term': 'trillion', 'score': 2119.0}]","{'title': ""Trump's Tax Cuts: Wealthy First, Working Class Pay"", 'description': 'These posts criticize the proposed extension of Trump-era tax cuts, highlighting how they disproportionately benefit the wealthy while threatening vital programs for the poor and middle class. The cluster underscores concerns over growing debt, IRS underfunding, and the political prioritization of billionaire interests over public welfare.'}",17051
part_c,635,"[{'term': 'trump', 'score': 27826.0}, {'term': 'south', 'score': 19751.0}, {'term': 'white', 'score': 17943.0}, {'term': 'africa', 'score': 9028.0}, {'term': 'president', 'score': 8704.0}, {'term': 'african', 'score': 6777.0}, {'term': 'africans', 'score': 5711.0}, {'term': 'genocide', 'score': 5666.0}, {'term': 'refugees', 'score': 4293.0}, {'term': 'ramaphosa', 'score': 4205.0}]","{'title': ""Trump's False 'White Genocide' Claims in South Africa"", 'description': ""The posts critique Donald Trump's baseless assertion of a 'white genocide' in South Africa, exposing the use of manipulated footage from Congo and the administration's preferential refugee status for white Afrikaners. They highlight the racial hypocrisy, misinformation, and geopolitical manipulation behind the narrative.""}",16964
part_c,993,"[{'term': 'trump', 'score': 20755.0}, {'term': 'musk', 'score': 14528.0}, {'term': 'elon', 'score': 8592.0}, {'term': 'like', 'score': 2157.0}, {'term': 'just', 'score': 1881.0}, {'term': 'fight', 'score': 1441.0}, {'term': 'feud', 'score': 1390.0}, {'term': 'donald', 'score': 1378.0}, {'term': 'vs', 'score': 1218.0}, {'term': 'going', 'score': 1124.0}]","{'title': 'Trump and Musk Feud: Political Breakup Drama', 'description': 'A public and escalating feud between Donald Trump and Elon Musk has captivated social media, with both figures trading barbs over politics, power, and personal betrayal. The clash, framed as a dramatic breakup of a once-transactional alliance, has drawn comparisons to reality TV and high school drama, sparking widespread speculation about its real-world implications.'}",16898
part_a,248,"[{'term': 'hegseth', 'score': 20477.0}, {'term': 'trump', 'score': 19420.0}, {'term': 'pete', 'score': 8832.0}, {'term': 'defense', 'score': 6575.0}, {'term': 'secretary', 'score': 5154.0}, {'term': 'military', 'score': 3238.0}, {'term': 'republican', 'score': 2997.0}, {'term': 'news', 'score': 2493.0}, {'term': 'fox', 'score': 2429.0}, {'term': 'pick', 'score': 2320.0}]","{'title': ""Trump's Unqualified Defense Pick Sparks Outrage"", 'description': ""The posts express widespread concern over Donald Trump's nomination of Fox News host Pete Hegseth as Secretary of Defense, citing his alleged sexual misconduct, drinking issues, lack of military experience, and loyalty to Trump over national security. Critics argue the appointment signals a dangerous shift toward authoritarian control of the military.""}",16741
part_a,127,"[{'term': 'dei', 'score': 19354.0}, {'term': 'trump', 'score': 16852.0}, {'term': 'maga', 'score': 3669.0}, {'term': 'white', 'score': 3472.0}, {'term': 'diversity', 'score': 3183.0}, {'term': 'people', 'score': 3128.0}, {'term': 'federal', 'score': 2995.0}, {'term': 'administration', 'score': 2301.0}, {'term': 'inclusion', 'score': 2155.0}, {'term': 'hire', 'score': 2118.0}]","{'title': ""MAGA's War on DEI: A Mask for Bigotry"", 'description': 'These posts expose how the Republican attack on Diversity, Equity, and Inclusion (DEI) is a thinly veiled campaign against racial, gender, and social equity—using DEI as a scapegoat to justify systemic discrimination, promote white male supremacy, and dismantle civil rights progress.'}",16628
part_d,379,"[{'term': 'miller', 'score': 20305.0}, {'term': 'trump', 'score': 19734.0}, {'term': 'stephen', 'score': 9452.0}, {'term': 'president', 'score': 2263.0}, {'term': 'like', 'score': 2159.0}, {'term': 'just', 'score': 2073.0}, {'term': 'running', 'score': 1449.0}, {'term': 'people', 'score': 1394.0}, {'term': 'think', 'score': 1357.0}, {'term': 'know', 'score': 1119.0}]","{'title': ""Stephen Miller's Shadow Rule in Trump's Administration"", 'description': ""These posts collectively condemn Stephen Miller as the true power behind Donald Trump's administration, accusing him of being a far-right extremist, architect of cruel policies, and a manipulative force driving authoritarian agendas. The recurring theme is that Miller, not Trump, is the real decision-maker, wielding unchecked influence over immigration, national security, and political strategy.""}",16544
part_c,1473,"[{'term': 'trump', 'score': 20528.0}, {'term': 'putin', 'score': 19311.0}, {'term': 'like', 'score': 2477.0}, {'term': 'just', 'score': 1627.0}, {'term': 'knows', 'score': 841.0}, {'term': 'does', 'score': 833.0}, {'term': 'know', 'score': 771.0}, {'term': 'think', 'score': 763.0}, {'term': 'puppet', 'score': 750.0}, {'term': 'doesn', 'score': 730.0}]","{'title': 'Trump and Putin: Power Imbalance and Alleged Subservience', 'description': 'These posts collectively depict a recurring narrative that Donald Trump is subservient to Vladimir Putin, portraying their relationship as one of dominance and humiliation. The sentiment emphasizes perceived weakness in Trump’s foreign policy and a belief that Putin manipulates him for geopolitical advantage.'}",16193
part_a,185,"[{'term': 'trump', 'score': 21818.0}, {'term': 'assassination', 'score': 5720.0}, {'term': 'attempt', 'score': 4376.0}, {'term': 'shot', 'score': 4371.0}, {'term': 'donald', 'score': 3096.0}, {'term': 'shooter', 'score': 2783.0}, {'term': 'shooting', 'score': 2554.0}, {'term': 'rally', 'score': 2477.0}, {'term': 'ear', 'score': 1968.0}, {'term': 'president', 'score': 1961.0}]","{'title': 'Trump Assassination Attempt Conspiracy Theories', 'description': ""A cluster of social media posts centered on widespread skepticism and conspiracy theories surrounding a recent attempted assassination of Donald Trump. Many users question the authenticity of the event, speculate about staged attacks, and suggest motives ranging from political manipulation to insider plots, despite official reports confirming the incident and the shooter's arrest.""}",16180
part_a,822,"[{'term': 'maga', 'score': 16688.0}, {'term': 'stupid', 'score': 1560.0}, {'term': 'just', 'score': 1427.0}, {'term': 'like', 'score': 1216.0}, {'term': 'people', 'score': 1124.0}, {'term': 'don', 'score': 1116.0}, {'term': 'fuck', 'score': 840.0}, {'term': 'know', 'score': 833.0}, {'term': 'think', 'score': 831.0}, {'term': 'shit', 'score': 606.0}]","{'title': 'MAGA Criticism and Insults', 'description': 'The posts collectively express strong negative sentiment toward MAGA supporters, repeatedly labeling them as unintelligent, hateful, and delusional. The tone is hostile and mocking, focusing on perceived stupidity and ideological extremism.'}",16037
part_b,481,"[{'term': 'trump', 'score': 19189.0}, {'term': 'dutton', 'score': 9115.0}, {'term': 'australia', 'score': 8937.0}, {'term': 'election', 'score': 3239.0}, {'term': 'australian', 'score': 2486.0}, {'term': 'like', 'score': 2371.0}, {'term': 'peter', 'score': 2185.0}, {'term': 'party', 'score': 2168.0}, {'term': 'labor', 'score': 2014.0}, {'term': 'albanese', 'score': 1984.0}]","{'title': 'Australia Rejects Trump-Style Politics', 'description': ""Australian voters delivered a decisive rebuke to right-wing populism, rejecting opposition leader Peter Dutton's perceived alignment with Donald Trump. The election outcome reflects growing public resistance to MAGA-style policies and a shift toward independent foreign policy and stability.""}",15991
part_b,692,"[{'term': 'trump', 'score': 17374.0}, {'term': 'market', 'score': 11376.0}, {'term': 'stock', 'score': 6909.0}, {'term': 'markets', 'score': 3189.0}, {'term': 'trading', 'score': 3118.0}, {'term': 'insider', 'score': 3017.0}, {'term': 'just', 'score': 1789.0}, {'term': 'biden', 'score': 1741.0}, {'term': 'manipulation', 'score': 1733.0}, {'term': 'like', 'score': 1361.0}]","{'title': 'Trump Market Manipulation Allegations', 'description': 'The posts allege that Donald Trump is intentionally manipulating the stock market to benefit himself and his wealthy associates through insider trading and market crashes, with critics calling it illegal and corrupt. The central theme revolves around accusations of economic sabotage for personal gain, amid widespread concern over systemic financial misconduct.'}",15902
part_d,995,"[{'term': 'trump', 'score': 17198.0}, {'term': 'lies', 'score': 6347.0}, {'term': 'lie', 'score': 4680.0}, {'term': 'lying', 'score': 3593.0}, {'term': 'truth', 'score': 2316.0}, {'term': 'liar', 'score': 2105.0}, {'term': 'says', 'score': 1878.0}, {'term': 'just', 'score': 1750.0}, {'term': 'believe', 'score': 1482.0}, {'term': 'know', 'score': 1287.0}]","{'title': ""Trump's Pattern of Constant Lying"", 'description': ""The posts consistently accuse Donald Trump of being a habitual and pathological liar, asserting that his statements are almost always false, misleading, or fabricated. The cluster emphasizes a widespread belief that Trump's rhetoric is fundamentally dishonest, with no credibility attached to his words.""}",15589
part_a,78,"[{'term': 'trump', 'score': 18384.0}, {'term': 'carter', 'score': 16787.0}, {'term': 'jimmy', 'score': 9057.0}, {'term': 'president', 'score': 7486.0}, {'term': 'funeral', 'score': 6810.0}, {'term': 'donald', 'score': 2512.0}, {'term': 'obama', 'score': 2409.0}, {'term': 'like', 'score': 1724.0}, {'term': 'man', 'score': 1638.0}, {'term': 'biden', 'score': 1624.0}]","{'title': ""Trump's Disrespect at Carter's Funeral"", 'description': ""The posts highlight widespread criticism of Donald Trump's behavior and remarks during Jimmy Carter's funeral, contrasting his perceived rudeness and lack of dignity with Carter's legacy of humility, service, and integrity. Many express outrage over Trump's presence, comments, and perceived disrespect toward a revered former president.""}",15388
part_c,1190,"[{'term': 'trump', 'score': 24527.0}, {'term': 'jobs', 'score': 13752.0}, {'term': 'labor', 'score': 8513.0}, {'term': 'statistics', 'score': 7328.0}, {'term': 'report', 'score': 6964.0}, {'term': 'numbers', 'score': 6661.0}, {'term': 'data', 'score': 5211.0}, {'term': 'bls', 'score': 4767.0}, {'term': 'job', 'score': 4486.0}, {'term': 'bureau', 'score': 4419.0}]","{'title': 'Trump Fires BLS Chief Over Job Data', 'description': 'President Trump fires the Bureau of Labor Statistics commissioner after a weak jobs report, sparking concerns over political interference in economic data. Critics warn this undermines transparency and signals a broader attack on factual governance.'}",15372
part_d,1011,"[{'term': 'trump', 'score': 19841.0}, {'term': 'autism', 'score': 13310.0}, {'term': 'tylenol', 'score': 13028.0}, {'term': 'rfk', 'score': 2946.0}, {'term': 'acetaminophen', 'score': 2882.0}, {'term': 'jr', 'score': 2497.0}, {'term': 'women', 'score': 2382.0}, {'term': 'pregnancy', 'score': 2365.0}, {'term': 'pregnant', 'score': 2156.0}, {'term': 'use', 'score': 1971.0}]","{'title': 'Trump Links Tylenol to Autism Amid Science Backlash', 'description': 'A cluster of posts criticizes former President Donald Trump and his administration for promoting unproven claims that acetaminophen (Tylenol) used during pregnancy causes autism, despite overwhelming scientific consensus to the contrary. The posts highlight widespread concern over the spread of medical misinformation, potential stock manipulation, and the harm to public health and neurodiverse communities.'}",15311
part_a,583,"[{'term': 'trump', 'score': 16531.0}, {'term': 'abortion', 'score': 15514.0}, {'term': 'ban', 'score': 4223.0}, {'term': 'women', 'score': 4012.0}, {'term': 'republican', 'score': 3679.0}, {'term': 'rights', 'score': 2744.0}, {'term': 'states', 'score': 2717.0}, {'term': 'state', 'score': 2094.0}, {'term': 'donald', 'score': 2023.0}, {'term': 'roe', 'score': 1844.0}]","{'title': 'Trump’s Abortion Rhetoric and Reproductive Rights Under Threat', 'description': 'The posts highlight widespread concern over Donald Trump’s shifting and contradictory statements on abortion, the Republican Party’s efforts to restrict reproductive rights, and the potential for a nationwide ban under a second Trump administration. They emphasize the contradiction between Trump’s claims of moderation and his record, including supporting the overturning of Roe v. Wade and enabling state-level bans.'}",15178
part_c,1394,"[{'term': 'maga', 'score': 15442.0}, {'term': 'stupid', 'score': 1609.0}, {'term': 'just', 'score': 1214.0}, {'term': 'like', 'score': 1082.0}, {'term': 'people', 'score': 925.0}, {'term': 'think', 'score': 878.0}, {'term': 'don', 'score': 876.0}, {'term': 'know', 'score': 787.0}, {'term': 'fuck', 'score': 640.0}, {'term': 'dumb', 'score': 568.0}]","{'title': 'MAGA Criticism and Mockery', 'description': 'These posts collectively express strong disdain and mockery toward the MAGA movement, portraying its supporters as unintelligent, lacking self-awareness, and resistant to logic or facts. The tone is consistently sarcastic and hostile, emphasizing perceived absurdity and ideological extremism.'}",14858
part_a,604,"[{'term': 'trump', 'score': 18168.0}, {'term': 'epstein', 'score': 8666.0}, {'term': 'sexual', 'score': 3294.0}, {'term': 'rapist', 'score': 2388.0}, {'term': 'donald', 'score': 2270.0}, {'term': 'jeffrey', 'score': 1706.0}, {'term': 'sex', 'score': 1502.0}, {'term': 'like', 'score': 1325.0}, {'term': 'assault', 'score': 1163.0}, {'term': 'cabinet', 'score': 1162.0}]","{'title': 'Trump, Epstein, and Allegations of Sexual Abuse', 'description': 'The posts center on recurring allegations linking Donald Trump to Jeffrey Epstein, accusing Trump of being a pedophile, rapist, and sexual predator. They emphasize his alleged close relationship with Epstein, the release of tapes and documents, and the appointment of individuals with sexual misconduct histories to his administration, framing these as evidence of a pattern of predatory behavior and systemic cover-up.'}",14783
part_d,1381,"[{'term': 'kirk', 'score': 18015.0}, {'term': 'trump', 'score': 12430.0}, {'term': 'charlie', 'score': 10911.0}, {'term': 'maga', 'score': 5658.0}, {'term': 'epstein', 'score': 3658.0}, {'term': 'files', 'score': 2937.0}, {'term': 'right', 'score': 2348.0}, {'term': 'death', 'score': 2104.0}, {'term': 'like', 'score': 1891.0}, {'term': 'people', 'score': 1825.0}]","{'title': ""Charlie Kirk's Murder and Political Exploitation"", 'description': ""The posts center on the controversial death of right-wing influencer Charlie Kirk, with widespread speculation that his killing was exploited by Donald Trump and the MAGA movement for political gain. Many argue the narrative blaming the left is a cover for internal MAGA conflict, while others highlight Kirk's hateful rhetoric and the irony of his posthumous martyrdom.""}",14773
part_b,286,"[{'term': 'trump', 'score': 16265.0}, {'term': 'plane', 'score': 5595.0}, {'term': 'faa', 'score': 5495.0}, {'term': 'air', 'score': 5287.0}, {'term': 'crash', 'score': 3275.0}, {'term': 'administration', 'score': 3063.0}, {'term': 'crashes', 'score': 3047.0}, {'term': 'musk', 'score': 3002.0}, {'term': 'traffic', 'score': 2673.0}, {'term': 'just', 'score': 2148.0}]","{'title': ""Trump and Musk's FAA Purge Sparks Air Safety Crisis"", 'description': 'A surge in plane crashes and aviation incidents is being linked to the recent mass firings of Federal Aviation Administration (FAA) employees under the Trump administration, with critics blaming the cuts to air traffic control staff and safety infrastructure. The posts express widespread concern over declining air safety, political blame, and growing public fear of flying.'}",14550
part_d,1370,"[{'term': 'republican', 'score': 14874.0}, {'term': 'party', 'score': 3646.0}, {'term': 'just', 'score': 1302.0}, {'term': 'like', 'score': 1135.0}, {'term': 'lie', 'score': 776.0}, {'term': 'republicans', 'score': 727.0}, {'term': 'lies', 'score': 647.0}, {'term': 'know', 'score': 589.0}, {'term': 'don', 'score': 586.0}, {'term': 'lying', 'score': 585.0}]","{'title': 'The Decline of the Republican Party', 'description': 'These posts express deep disillusionment with the modern Republican Party, portraying it as hypocritical, dishonest, and morally bankrupt. The recurring theme is a loss of integrity, with widespread criticism of its leadership, values, and behavior under MAGA influence.'}",14519
part_b,694,"[{'term': 'trump', 'score': 18672.0}, {'term': 'china', 'score': 16044.0}, {'term': 'xi', 'score': 4237.0}, {'term': 'trade', 'score': 2794.0}, {'term': 'chinese', 'score': 2255.0}, {'term': 'war', 'score': 1569.0}, {'term': 'tariffs', 'score': 1437.0}, {'term': 'just', 'score': 1382.0}, {'term': 'world', 'score': 1379.0}, {'term': 'like', 'score': 1365.0}]","{'title': 'Trump vs. China: A Global Power Shift', 'description': ""The posts reflect widespread concern that Donald Trump's confrontational foreign policy is inadvertently empowering China, with many believing Xi Jinping holds a strategic advantage. The cluster highlights perceptions of Trump as impulsive and ineffective, while portraying China as patient, calculating, and increasingly dominant on the world stage.""}",14512
part_a,658,"[{'term': 'trump', 'score': 16636.0}, {'term': 'uk', 'score': 7274.0}, {'term': 'farage', 'score': 5658.0}, {'term': 'starmer', 'score': 5055.0}, {'term': 'eu', 'score': 2879.0}, {'term': 'brexit', 'score': 2681.0}, {'term': 'musk', 'score': 2109.0}, {'term': 'reform', 'score': 1969.0}, {'term': 'like', 'score': 1805.0}, {'term': 'labour', 'score': 1636.0}]","{'title': 'UK Politics in the Shadow of Trump and Musk', 'description': ""The posts critique the growing influence of Donald Trump and Elon Musk on UK politics, particularly through figures like Nigel Farage and the Reform Party. They express concern over the UK's alignment with right-wing populism, the erosion of the EU relationship, and the perceived betrayal of British interests in favor of transatlantic populism.""}",14456
part_a,837,"[{'term': 'maga', 'score': 15643.0}, {'term': 'block', 'score': 12456.0}, {'term': 'list', 'score': 10328.0}, {'term': 'lists', 'score': 6571.0}, {'term': 'bsky', 'score': 3888.0}, {'term': 'accounts', 'score': 2985.0}, {'term': 'profile', 'score': 2979.0}, {'term': 'app', 'score': 2786.0}, {'term': 'people', 'score': 2615.0}, {'term': 'subscribe', 'score': 2343.0}]","{'title': 'MAGA Blocklists on Bluesky', 'description': 'Users are sharing, subscribing to, and debating the use of curated blocklists targeting MAGA-affiliated accounts on Bluesky. While many find these lists effective for reducing toxic content, concerns remain about accuracy, potential misuse, and the risk of accidentally blocking allies.'}",14369
part_c,326,"[{'term': 'trump', 'score': 22709.0}, {'term': 'qatar', 'score': 11312.0}, {'term': 'plane', 'score': 8496.0}, {'term': 'jet', 'score': 6571.0}, {'term': 'gift', 'score': 5625.0}, {'term': 'air', 'score': 5371.0}, {'term': 'force', 'score': 5345.0}, {'term': 'president', 'score': 3234.0}, {'term': 'luxury', 'score': 3153.0}, {'term': 'accept', 'score': 2960.0}]","{'title': ""Trump's Qatar Jet Gift Controversy"", 'description': ""A cluster of posts criticizes President Trump's plan to accept a luxury Boeing 747-8 jet from Qatar as Air Force One, highlighting concerns over corruption, ethics violations, and the fact that Trump would retain ownership after his presidency. The posts argue the deal amounts to a foreign bribe and a misuse of public funds for private benefit.""}",14329